timestamp,market_ticker,order_id,action,side,count,price,edge,ev,strategy_mode,our_probability,market_price,status
2026-01-28T17:13:37.050672,KXHIGHLAX-26JAN28-B69.5,d27811b0-d551-4c15-8d07-c8735888aaf8,buy,no,3,6,76.93275780422104,0.7278611991400998,longshot,,6,resting
2026-01-28T17:13:38.446177,KXHIGHDEN-26JAN28-B51.5,9a77985a-9d17-4b78-bd34-c6ed43725171,buy,no,3,7,86.2047419529647,0.8154450485531647,longshot,,7,resting
2026-01-28T17:13:40.845067,KXHIGHCHI-26JAN28-B17.5,af92d5f6-4909-490f-90d7-d15402e1414a,buy,no,3,5,77.93275780422104,0.7378611991400998,longshot,,5,resting
2026-01-28T17:14:44.383382,KXHIGHLAX-26JAN28-B69.5,9739b00f-2f97-44ea-b52a-0ba78a789bd6,buy,no,3,6,76.93275780422104,0.7278611991400998,longshot,,6,resting
2026-01-28T17:14:45.495792,KXHIGHDEN-26JAN28-B51.5,ad59fd4c-1cbb-45c9-8fd9-d1ef5dd7f43a,buy,no,3,5,88.20474195296471,0.8354450485531646,longshot,,5,resting
2026-01-28T17:14:46.548316,KXHIGHCHI-26JAN28-B17.5,8b632d26-c86b-467c-8726-3f085ea9cd3c,buy,no,3,5,77.93275780422104,0.7378611991400998,longshot,,5,resting
2026-01-28T17:16:01.259106,KXHIGHLAX-26JAN28-B69.5,61b4da7c-0e47-4558-9261-953e38b18401,buy,no,3,7,75.93275780422104,0.7178611991400998,longshot,,7,resting
2026-01-28T17:16:02.428830,KXHIGHDEN-26JAN28-B51.5,d644d611-2c00-4dbb-b3e8-95817090bcba,buy,no,3,7,86.2047419529647,0.7854450485531648,longshot,,7,resting
2026-01-28T17:16:03.528476,KXHIGHCHI-26JAN28-B17.5,4712e27c-c21a-45a2-ad83-f072dd2d31c6,buy,no,3,5,77.93275780422104,0.7378611991400998,longshot,,5,resting
2026-01-28T17:17:12.803053,KXHIGHLAX-26JAN28-B69.5,ff185acf-4cb9-4a98-b19d-3355b2edded9,buy,no,3,7,75.93275780422104,0.7178611991400998,longshot,,7,resting
2026-01-28T17:17:14.056542,KXHIGHDEN-26JAN28-B51.5,0be5b2ed-e51e-4aee-8f71-3dee0ef7b8a2,buy,no,3,4,89.20474195296471,0.7954450485531648,longshot,,4,resting
2026-01-28T17:17:15.076030,KXHIGHCHI-26JAN28-B17.5,2ff696ae-3291-4d71-9c47-5d94e379e926,buy,no,3,5,77.93275780422104,0.7378611991400998,longshot,,5,resting
2026-01-28T17:18:03.734225,KXHIGHLAX-26JAN28-B69.5,9a631539-8adc-45b6-b30c-f6f5a65b962d,buy,no,3,6,76.93275780422104,0.7278611991400998,longshot,,6,resting
2026-01-28T17:18:04.816259,KXHIGHDEN-26JAN28-B51.5,ebf3569c-4671-45d6-a5fb-cc27c946cbd0,buy,no,3,3,90.20474195296471,0.8154450485531647,longshot,,3,resting
2026-01-28T17:18:05.810818,KXHIGHCHI-26JAN28-B17.5,cb9aad3b-2809-45cc-a227-f0328bfa1e2f,buy,no,3,5,77.93275780422104,0.7378611991400998,longshot,,5,resting
2026-01-28T17:18:48.861726,KXHIGHLAX-26JAN28-B69.5,747d62fd-73db-407b-b740-16494be9c534,buy,no,3,5,77.93275780422104,0.7378611991400998,longshot,,5,resting
2026-01-28T17:18:50.061173,KXHIGHDEN-26JAN28-B51.5,507ad2c9-cf2d-417e-a379-ce1d6548c677,buy,no,3,3,90.20474195296471,0.8154450485531647,longshot,,3,resting
2026-01-28T17:18:51.078050,KXHIGHCHI-26JAN28-B17.5,fe574e63-cc22-4f5e-aa94-f0973d85f5d9,buy,no,3,5,77.93275780422104,0.7378611991400998,longshot,,5,resting
2026-01-28T17:19:33.396464,KXHIGHLAX-26JAN28-B69.5,16726a8a-b8a2-4fad-9b4d-164b9e497bef,buy,no,3,6,76.93275780422104,0.7278611991400998,longshot,,6,resting
2026-01-28T17:19:34.584092,KXHIGHDEN-26JAN28-B51.5,dcd6a44c-cbfb-42c8-88f4-73712aefbe9e,buy,no,3,3,90.20474195296471,0.8554450485531646,longshot,,3,resting
2026-01-28T17:19:35.594669,KXHIGHCHI-26JAN28-B17.5,cc84b42e-9c8d-4c15-a25f-04f0c043244c,buy,no,3,5,77.93275780422104,0.7378611991400998,longshot,,5,resting
2026-01-28T17:20:19.106338,KXHIGHLAX-26JAN28-B69.5,e46026d2-cfe7-4b35-ac9b-bcd22e5ccfb4,buy,no,3,6,76.93275780422104,0.7278611991400998,longshot,,6,resting
2026-01-28T17:20:22.332937,KXHIGHDEN-26JAN28-B51.5,4c697bd8-40cf-40e1-970c-5bf0ffdbc561,buy,no,3,3,90.20474195296471,0.8554450485531646,longshot,,3,resting
2026-01-28T17:20:23.339415,KXHIGHCHI-26JAN28-B17.5,4b57fd8d-4c8e-4aff-9b77-85372b376d75,buy,no,3,3,79.93275780422104,0.7578611991400999,longshot,,3,resting
2026-01-28T17:21:06.240078,KXHIGHLAX-26JAN28-B69.5,17ea3e98-e53f-49fe-9ec5-03e828d6d67d,buy,no,3,4,78.93275780422104,0.7178611991400998,longshot,,4,resting
2026-01-28T17:21:08.451063,KXHIGHDEN-26JAN28-B51.5,692e2e41-9bc9-4293-b427-be0fe8c40166,buy,no,3,5,88.20474195296471,0.8054450485531648,longshot,,5,resting
2026-01-28T17:21:10.557128,KXHIGHCHI-26JAN28-B17.5,4c3e2cd8-8739-478f-842c-1d7b74c15edf,buy,no,3,3,79.93275780422104,0.7278611991400998,longshot,,3,resting
2026-01-28T17:21:55.006717,KXHIGHLAX-26JAN28-B69.5,dc6cd7c5-0631-492e-bc7a-32b0def47b80,buy,no,3,4,78.93275780422104,0.7178611991400998,longshot,,4,resting
2026-01-28T17:21:56.258503,KXHIGHDEN-26JAN28-B51.5,2b47a0ad-e578-4606-b1e3-3fef2840fef8,buy,no,3,3,90.20474195296471,0.8554450485531646,longshot,,3,resting
2026-01-28T17:21:57.229592,KXHIGHCHI-26JAN28-B17.5,3fa72261-a741-47b5-88b9-518256e94041,buy,no,3,3,79.93275780422104,0.7578611991400999,longshot,,3,resting
2026-01-28T17:22:39.329376,KXHIGHLAX-26JAN28-B69.5,09f4d96d-6563-450f-8dac-c0c70f44ee03,buy,no,3,1,81.93275780422104,0.7178611991400998,longshot,,1,resting
2026-01-28T17:22:41.552004,KXHIGHDEN-26JAN28-B51.5,99af1cde-d3a3-4091-91fa-3f59dbdcfa0b,buy,no,3,1,92.20474195296471,0.8754450485531646,longshot,,1,resting
2026-01-28T17:22:42.603370,KXHIGHCHI-26JAN28-B17.5,343a8ce9-ec12-4544-8a23-a27f350667e4,buy,no,3,4,78.93275780422104,0.7478611991400999,longshot,,4,resting
2026-01-28T17:23:37.733171,KXHIGHDEN-26JAN28-B51.5,0e85f80d-c2d3-4a10-b3b7-2941eca2c227,buy,no,3,1,92.20474195296471,0.8754450485531646,longshot,,1,resting
2026-01-28T17:23:38.774201,KXHIGHCHI-26JAN28-B17.5,12670061-4bdb-4afd-8abf-f59ba45e30c4,buy,no,3,3,79.93275780422104,0.7278611991400998,longshot,,3,resting
2026-01-28T17:24:24.116146,KXHIGHDEN-26JAN28-B51.5,00289f9e-5450-48df-8483-07c94bd7c646,buy,no,3,1,92.20474195296471,0.8754450485531646,longshot,,1,resting
2026-01-28T17:24:25.276284,KXHIGHCHI-26JAN28-B17.5,1f4216f2-8ddf-4cfa-825a-91c1d7022ece,buy,no,3,3,79.93275780422104,0.7278611991400998,longshot,,3,resting
2026-01-28T17:25:19.202023,KXHIGHLAX-26JAN28-B69.5,9f90395a-386f-404c-b3df-04b19c42b036,buy,no,3,1,81.93275780422104,0.7778611991401,longshot,,1,resting
2026-01-28T17:25:22.532833,KXHIGHDEN-26JAN28-B51.5,8d42fa8f-bbfc-48ec-bea3-35d1b4785b67,buy,no,3,1,92.20474195296471,0.8754450485531646,longshot,,1,resting
2026-01-28T17:25:25.671345,KXHIGHCHI-26JAN28-B17.5,2a08328b-16a6-4627-9e81-6d96c4a10da0,buy,no,3,3,79.93275780422104,0.7578611991400999,longshot,,3,resting
2026-01-28T17:26:19.671286,KXHIGHLAX-26JAN28-B69.5,937d7630-ba8f-4f14-8373-2eb32737aabe,buy,no,3,1,81.93275780422104,0.7478611991400999,longshot,,1,resting
2026-01-28T17:26:20.844876,KXHIGHDEN-26JAN28-B51.5,1ec1640a-d1f8-42c2-aa99-22d965bb75f7,buy,no,3,5,88.20474195296471,0.8354450485531646,longshot,,5,resting
2026-01-28T17:26:22.939253,KXHIGHCHI-26JAN28-B17.5,d7fff71a-26d6-4438-90bc-b31aab0c4b7a,buy,no,3,3,79.93275780422104,0.7578611991400999,longshot,,3,resting
2026-01-28T17:27:11.490470,KXHIGHLAX-26JAN28-B69.5,40506f42-7e92-4aa3-82a9-c617548dab61,buy,no,3,1,81.93275780422104,0.7378611991400998,longshot,,1,resting
2026-01-28T17:27:12.555941,KXHIGHDEN-26JAN28-B51.5,5334b141-a7b1-4cdf-b912-1485646ca235,buy,no,3,2,91.20474195296471,0.8254450485531647,longshot,,2,resting
2026-01-28T17:27:13.596423,KXHIGHCHI-26JAN28-B17.5,f5ce3ee8-867d-47bf-81a0-4bac24fe3d3a,buy,no,3,2,80.93275780422104,0.7378611991400998,longshot,,2,resting
2026-01-28T17:27:57.364299,KXHIGHLAX-26JAN28-B69.5,91e541d8-80b2-42aa-9010-4d617ba994ee,buy,no,3,1,81.93275780422104,0.7478611991400999,longshot,,1,resting
2026-01-28T17:27:59.605916,KXHIGHDEN-26JAN28-B51.5,a1fc29ad-0fd0-4fbc-9eda-e6d22c052b8c,buy,no,3,1,92.20474195296471,0.8454450485531646,longshot,,1,resting
2026-01-28T17:28:00.805477,KXHIGHCHI-26JAN28-B17.5,67467217-f694-4794-ba0b-2af19ee9d2a7,buy,no,3,2,80.93275780422104,0.7678611991400999,longshot,,2,resting
2026-01-28T17:28:44.255427,KXHIGHLAX-26JAN28-B69.5,7dde0428-3af2-49ae-a9a4-d26ccd92a4e3,buy,no,3,1,81.93275780422104,0.7478611991400999,longshot,,1,resting
2026-01-28T17:28:45.585166,KXHIGHDEN-26JAN28-B51.5,6766393e-8973-4520-bd5c-a622a69e8e99,buy,no,3,1,92.20474195296471,0.8754450485531646,longshot,,1,resting
2026-01-28T17:28:46.631430,KXHIGHCHI-26JAN28-B17.5,b3de5be1-6299-43c5-9aa9-bf12ded6bc79,buy,no,3,2,80.93275780422104,0.7678611991400999,longshot,,2,resting
2026-01-28T17:29:29.158265,KXHIGHLAX-26JAN28-B69.5,454f4d85-1943-4185-a67f-cf4e223ab98c,buy,no,3,1,81.93275780422104,0.7478611991400999,longshot,,1,resting
2026-01-28T17:29:31.349749,KXHIGHDEN-26JAN28-B51.5,4c0b408a-2cf7-4317-a24d-73d091c1d6cc,buy,no,3,1,92.20474195296471,0.8754450485531646,longshot,,1,resting
2026-01-28T17:29:36.635137,KXHIGHCHI-26JAN28-B17.5,2f163ed2-ae84-45df-9bc6-ba1abe146665,buy,no,3,2,80.93275780422104,0.7678611991400999,longshot,,2,resting
2026-01-28T17:30:27.713169,KXHIGHLAX-26JAN28-B69.5,36d46f59-1450-443b-8875-c0381e0b18ec,buy,no,3,2,80.93275780422104,0.7678611991400999,longshot,,2,resting
2026-01-28T17:30:28.826936,KXHIGHDEN-26JAN28-B51.5,89a9d531-77a4-4bad-a9ab-d9336cbfa9be,buy,no,3,1,92.20474195296471,0.8754450485531646,longshot,,1,resting
2026-01-28T17:30:31.987834,KXHIGHCHI-26JAN28-B17.5,859ae9e4-858c-45da-80d7-97cd5db4dd76,buy,no,3,2,80.93275780422104,0.7678611991400999,longshot,,2,resting
2026-01-28T17:31:24.736853,KXHIGHLAX-26JAN28-B69.5,9d7f24fa-3856-4857-82f9-909127dd0c62,buy,no,3,3,79.93275780422104,0.7578611991400999,longshot,,3,resting
2026-01-28T17:31:34.329470,KXHIGHDEN-26JAN28-B51.5,c0f7a8f2-420d-4f7b-960b-ae8d3c76f32a,buy,no,3,1,92.20474195296471,0.8754450485531646,longshot,,1,resting
2026-01-28T17:31:36.392792,KXHIGHCHI-26JAN28-B17.5,9f26f297-5c15-4f03-86e8-6413e5a3deb9,buy,no,3,2,80.93275780422104,0.7678611991400999,longshot,,2,resting
2026-01-28T17:32:20.121418,KXHIGHLAX-26JAN28-B69.5,db096acd-7aca-4e2e-ba9f-5704c33d4681,buy,no,3,3,79.93275780422104,0.7578611991400999,longshot,,3,resting
2026-01-28T17:32:22.410004,KXHIGHDEN-26JAN28-B51.5,df9bdda5-87ed-46e2-a899-781a3cd68cf8,buy,no,3,1,92.20474195296471,0.8754450485531646,longshot,,1,resting
2026-01-28T17:32:24.727110,KXHIGHCHI-26JAN28-B17.5,de5cfd32-9351-4900-a567-c708d296b517,buy,no,3,2,80.93275780422104,0.7278611991400998,longshot,,2,resting
2026-01-28T17:33:09.370691,KXHIGHLAX-26JAN28-B69.5,82eb2fc9-a2e6-4cb2-9292-3ff946c88615,buy,no,3,3,79.93275780422104,0.7578611991400999,longshot,,3,resting
2026-01-28T17:33:10.507759,KXHIGHDEN-26JAN28-B51.5,f6e3a873-0385-42e2-af27-30d4d51663d2,buy,no,3,1,92.20474195296471,0.8754450485531646,longshot,,1,resting
2026-01-28T17:33:12.629319,KXHIGHCHI-26JAN28-B17.5,4d15834e-7251-43ec-a8eb-c1640cd1055f,buy,no,3,3,79.93275780422104,0.7178611991400998,longshot,,3,resting
2026-01-28T17:34:01.560413,KXHIGHLAX-26JAN28-B69.5,bcaadd28-6e06-4e4d-9083-4aaa6835d308,buy,no,3,2,80.93275780422104,0.7678611991400999,longshot,,2,resting
2026-01-28T17:34:02.851828,KXHIGHDEN-26JAN28-B51.5,347211ab-e450-4693-b347-7b31929e7040,buy,no,3,2,91.20474195296471,0.8654450485531646,longshot,,2,resting
2026-01-28T17:34:04.001254,KXHIGHCHI-26JAN28-B17.5,b33b76af-3e09-41e7-84c5-0a4e695638ed,buy,no,3,2,80.93275780422104,0.7378611991400998,longshot,,2,resting
2026-01-28T17:35:00.569278,KXHIGHLAX-26JAN28-B69.5,07fc52c1-affd-4fcc-b9b2-21aad72f7535,buy,no,3,1,81.93275780422104,0.7778611991401,longshot,,1,resting
2026-01-28T17:35:01.740388,KXHIGHDEN-26JAN28-B51.5,a2cf4bd7-6d75-4da6-b234-4872d2324af5,buy,no,3,2,91.20474195296471,0.8654450485531646,longshot,,2,resting
2026-01-28T17:35:04.880918,KXHIGHCHI-26JAN28-B17.5,83aca273-4096-401d-ad78-a062451ff544,buy,no,3,2,80.93275780422104,0.7678611991400999,longshot,,2,resting
2026-01-28T17:35:55.292086,KXHIGHLAX-26JAN28-B69.5,268f0d8e-2801-48fb-be76-4699c8c0632d,buy,no,3,1,81.93275780422104,0.7778611991401,longshot,,1,resting
2026-01-28T17:35:56.491093,KXHIGHDEN-26JAN28-B51.5,e5fd34e6-f426-4cbc-a201-5dc002c36b8d,buy,no,3,2,91.20474195296471,0.8654450485531646,longshot,,2,resting
2026-01-28T17:35:58.575947,KXHIGHCHI-26JAN28-B17.5,b39afffc-6d7a-46c5-aac2-fc05af9d1a46,buy,no,3,2,80.93275780422104,0.7678611991400999,longshot,,2,resting
2026-01-28T17:36:48.874717,KXHIGHLAX-26JAN28-B69.5,c2da39fd-c401-4ea1-9fe9-58859e457c15,buy,no,3,1,81.93275780422104,0.7778611991401,longshot,,1,resting
2026-01-28T17:36:50.040284,KXHIGHDEN-26JAN28-B51.5,867174a0-a365-4d5a-bfd9-2782758dfa36,buy,no,3,2,91.20474195296471,0.8654450485531646,longshot,,2,resting
2026-01-28T17:36:53.171326,KXHIGHCHI-26JAN28-B17.5,1e76f8ff-eb62-4cd8-a7c7-168294cfcc7c,buy,no,3,2,80.93275780422104,0.7678611991400999,longshot,,2,resting
2026-01-28T17:37:43.411352,KXHIGHLAX-26JAN28-B69.5,e395b220-2217-4ea3-923b-d45656f75061,buy,no,3,1,81.93275780422104,0.7778611991401,longshot,,1,resting
2026-01-28T17:37:46.673232,KXHIGHDEN-26JAN28-B51.5,fcebe1c6-bb50-4c7d-94a3-e00c108e5b98,buy,no,3,2,91.20474195296471,0.8654450485531646,longshot,,2,resting
2026-01-28T17:37:49.886109,KXHIGHCHI-26JAN28-B17.5,d8ecbb50-ed51-4243-b58e-13a719b3f41f,buy,no,3,2,80.93275780422104,0.7678611991400999,longshot,,2,resting
2026-01-28T17:38:40.569056,KXHIGHLAX-26JAN28-B69.5,57c8007d-0c25-4bda-8a29-8fc69ea30be0,buy,no,3,1,81.93275780422104,0.7778611991401,longshot,,1,resting
2026-01-28T17:38:41.790568,KXHIGHDEN-26JAN28-B51.5,5770a72b-53aa-4ed8-8797-bae8d9102355,buy,no,3,2,91.20474195296471,0.8654450485531646,longshot,,2,resting
2026-01-28T17:38:42.869479,KXHIGHCHI-26JAN28-B17.5,6e64ab00-e3b6-449a-b80c-4d02268a1ddc,buy,no,3,2,80.93275780422104,0.7678611991400999,longshot,,2,resting
2026-01-28T17:39:34.345244,KXHIGHLAX-26JAN28-B69.5,e1b8b96d-d8dc-45cf-9a85-e5b3d7728fb3,buy,no,3,1,81.93275780422104,0.7778611991401,longshot,,1,resting
2026-01-28T17:39:35.496499,KXHIGHDEN-26JAN28-B51.5,8e1f2c59-aee7-4138-8f8c-fc033028030f,buy,no,3,2,91.20474195296471,0.8654450485531646,longshot,,2,resting
2026-01-28T17:39:36.549570,KXHIGHCHI-26JAN28-B17.5,6a8bae3d-2af8-4424-af79-4d5d7cd767c9,buy,no,3,2,80.93275780422104,0.7678611991400999,longshot,,2,resting
2026-01-28T17:40:27.574550,KXHIGHLAX-26JAN28-B69.5,c3fc8d56-8716-44d1-8b4b-187ebf1fe325,buy,no,3,1,81.93275780422104,0.7778611991401,longshot,,1,resting
2026-01-28T17:40:28.828795,KXHIGHDEN-26JAN28-B51.5,ea5f89be-5726-4ca5-90bf-9ff242e46e44,buy,no,3,1,92.20474195296471,0.8754450485531646,longshot,,1,resting
2026-01-28T17:40:29.871998,KXHIGHCHI-26JAN28-B17.5,79010719-c1d7-40e3-b960-28106724bebd,buy,no,3,2,80.93275780422104,0.7678611991400999,longshot,,2,resting
2026-01-28T17:41:18.874652,KXHIGHLAX-26JAN28-B69.5,e3ce72b6-c084-4d26-b3f1-8bd9ee36831e,buy,no,3,1,81.93275780422104,0.7778611991401,longshot,,1,resting
2026-01-28T17:41:20.031994,KXHIGHDEN-26JAN28-B51.5,0682595b-3025-43d4-a96d-997daf1569c8,buy,no,3,1,92.20474195296471,0.8754450485531646,longshot,,1,resting
2026-01-28T17:41:21.181573,KXHIGHCHI-26JAN28-B17.5,cf7fc8dd-84fb-4ab5-adc1-217600635445,buy,no,3,2,80.93275780422104,0.7678611991400999,longshot,,2,resting
2026-01-28T17:42:09.158209,KXHIGHLAX-26JAN28-B69.5,0cb83f2e-93c4-4ac8-8671-5f0ee1ef84c3,buy,no,3,1,81.93275780422104,0.7778611991401,longshot,,1,resting
2026-01-28T17:42:12.434389,KXHIGHDEN-26JAN28-B51.5,106d83a8-f169-474a-ad54-be8873a403ab,buy,no,3,1,92.20474195296471,0.8754450485531646,longshot,,1,resting
2026-01-28T17:42:13.477417,KXHIGHCHI-26JAN28-B17.5,22aa2bc9-0afe-4f75-aec0-1fb3b2dce45b,buy,no,3,2,80.93275780422104,0.7678611991400999,longshot,,2,resting
2026-01-28T17:43:09.351963,KXHIGHLAX-26JAN28-B69.5,a8e6eb1b-8dae-42d1-be24-39ee9054bdbe,buy,no,3,1,81.93275780422104,0.7778611991401,longshot,,1,resting
2026-01-28T17:43:10.565514,KXHIGHDEN-26JAN28-B51.5,af79102f-b3bd-489e-b186-be3e6998df10,buy,no,3,1,92.20474195296471,0.8754450485531646,longshot,,1,resting
2026-01-28T17:43:14.678209,KXHIGHCHI-26JAN28-B17.5,ab7060d6-3893-435a-80aa-cff2f3308d11,buy,no,3,2,80.93275780422104,0.7678611991400999,longshot,,2,resting
2026-01-28T17:44:07.166946,KXHIGHLAX-26JAN28-B69.5,6ce34954-d428-46fa-8229-fc6ea8951c2f,buy,no,3,2,80.93275780422104,0.7678611991400999,longshot,,2,resting
2026-01-28T17:44:10.668183,KXHIGHDEN-26JAN28-B51.5,2a1f4a47-366b-4fb3-a63f-eb06e20a9095,buy,no,3,1,92.20474195296471,0.8754450485531646,longshot,,1,resting
2026-01-28T17:44:12.929548,KXHIGHCHI-26JAN28-B17.5,dbce3cee-d038-48cf-bf5c-df8bdd3fdaf4,buy,no,3,2,80.93275780422104,0.7678611991400999,longshot,,2,resting
2026-01-28T17:45:03.724945,KXHIGHLAX-26JAN28-B69.5,b17dd1b0-5e11-422f-8029-9ff581734c0f,buy,no,3,1,81.93275780422104,0.7778611991401,longshot,,1,resting
2026-01-28T17:45:04.953220,KXHIGHDEN-26JAN28-B51.5,06da684d-a7ee-46b2-a3e2-ebb8c1824c1f,buy,no,3,1,92.20474195296471,0.8754450485531646,longshot,,1,resting
2026-01-28T17:45:07.009858,KXHIGHCHI-26JAN28-B17.5,2673319a-49ff-411b-bcdc-05dfb9d9f0b7,buy,no,3,2,80.93275780422104,0.7678611991400999,longshot,,2,resting
2026-01-28T17:46:00.674665,KXHIGHLAX-26JAN28-B69.5,3efcda23-58f6-406b-9e79-87be4056a27f,buy,no,3,1,81.93275780422104,0.7778611991401,longshot,,1,resting
2026-01-28T17:46:01.852276,KXHIGHDEN-26JAN28-B51.5,4d9849d6-3c07-47ec-883f-9637232c1794,buy,no,3,1,92.20474195296471,0.8754450485531646,longshot,,1,resting
2026-01-28T17:46:03.980643,KXHIGHCHI-26JAN28-B17.5,de537ae9-f67f-4a30-9e46-e2df8bf3d1fd,buy,no,3,2,80.93275780422104,0.7678611991400999,longshot,,2,resting
2026-01-28T17:46:58.843804,KXHIGHLAX-26JAN28-B69.5,cc54551f-84f3-40a4-81ad-24cb2091a6b8,buy,no,3,2,80.93275780422104,0.7678611991400999,longshot,,2,resting
2026-01-28T17:46:59.992818,KXHIGHDEN-26JAN28-B51.5,78558292-3dcd-460a-802e-d47befb2c4fa,buy,no,3,1,92.20474195296471,0.8754450485531646,longshot,,1,resting
2026-01-28T17:47:01.042599,KXHIGHCHI-26JAN28-B17.5,c1e4f43f-12db-4f0d-aeeb-70313922a1ef,buy,no,3,2,80.93275780422104,0.7678611991400999,longshot,,2,resting
2026-01-28T17:47:44.017346,KXHIGHDEN-26JAN28-B51.5,915aa249-19e9-4166-9e5d-4f45f61e60a9,buy,no,3,1,92.20474195296471,0.8754450485531646,longshot,,1,resting
2026-01-28T17:47:49.541273,KXHIGHLAX-26JAN28-B69.5,1034fd31-1f26-4e71-b5ca-a7e14cf8136c,buy,no,3,3,79.93275780422104,0.7578611991400999,longshot,,3,resting
2026-01-28T17:47:51.760730,KXHIGHDEN-26JAN28-B51.5,6b5fab55-07ea-41c0-b7d0-ac9d3261db30,buy,no,3,1,92.20474195296471,0.8754450485531646,longshot,,1,resting
2026-01-28T17:47:52.810031,KXHIGHCHI-26JAN28-B17.5,53dbbefa-4073-4eb8-9c07-b156cb892075,buy,no,3,2,80.93275780422104,0.7678611991400999,longshot,,2,resting
2026-01-28T17:48:41.353046,KXHIGHLAX-26JAN28-B69.5,77e3387b-e5ea-4bbf-a18a-ab8c7c2a75c3,buy,no,3,2,80.93275780422104,0.7678611991400999,longshot,,2,resting
2026-01-28T17:48:48.737733,KXHIGHDEN-26JAN28-B51.5,9893da6f-af69-49b9-ad51-be60a1ff5d11,buy,no,3,2,91.20474195296471,0.8654450485531646,longshot,,2,resting
2026-01-28T17:48:49.835368,KXHIGHCHI-26JAN28-B17.5,8d2b7136-24a4-4509-a846-abc1834d0182,buy,no,3,2,80.93275780422104,0.7678611991400999,longshot,,2,resting
2026-01-28T17:49:40.363935,KXHIGHLAX-26JAN28-B69.5,3f8972fd-c637-4658-b090-73bed37c495a,buy,no,3,2,80.93275780422104,0.7378611991400998,longshot,,2,resting
2026-01-28T17:49:42.561340,KXHIGHDEN-26JAN28-B51.5,1763b974-f8fc-4d56-adc9-cd1d18ae089f,buy,no,3,2,91.20474195296471,0.8654450485531646,longshot,,2,resting
2026-01-28T17:49:44.684336,KXHIGHCHI-26JAN28-B17.5,eabba748-e070-4e27-b8a3-32b565544fa6,buy,no,3,2,80.93275780422104,0.7678611991400999,longshot,,2,resting
2026-01-28T17:49:47.119811,KXHIGHDEN-26JAN28-B51.5,02045067-fcc9-48d3-90ec-8cf8d96c23df,buy,no,3,2,91.20474195296471,0.8654450485531646,longshot,,2,resting
2026-01-28T17:50:31.065185,KXHIGHLAX-26JAN28-B69.5,6ad96c6d-089f-422a-ac80-c9e198889f65,buy,no,3,3,79.93275780422104,0.7578611991400999,longshot,,3,resting
2026-01-28T17:50:32.362394,KXHIGHDEN-26JAN28-B51.5,307384d4-df4e-410f-a423-656a9ec96ac3,buy,no,3,2,91.20474195296471,0.8654450485531646,longshot,,2,resting
2026-01-28T17:50:34.507476,KXHIGHCHI-26JAN28-B17.5,7a6277a4-e255-4000-8a0f-f83dd74ba769,buy,no,3,2,80.93275780422104,0.7678611991400999,longshot,,2,resting
2026-01-28T17:51:23.907842,KXHIGHLAX-26JAN28-B69.5,4885de8d-3c1a-4fe3-8912-954caafcfc6a,buy,no,3,3,79.93275780422104,0.7578611991400999,longshot,,3,resting
2026-01-28T17:51:26.210881,KXHIGHDEN-26JAN28-B51.5,44f45d8b-0ea1-499f-84f7-4f708db2355c,buy,no,3,2,91.20474195296471,0.8654450485531646,longshot,,2,resting
2026-01-28T17:51:34.647640,KXHIGHCHI-26JAN28-B17.5,89226f63-f37b-41c0-b0b0-fb8b95ecea73,buy,no,3,3,79.93275780422104,0.7578611991400999,longshot,,3,resting
2026-01-28T17:52:41.794040,KXHIGHLAX-26JAN28-B69.5,16eb2746-5fcf-4d42-b72c-e6d04339ec69,buy,no,3,3,79.93275780422104,0.7578611991400999,longshot,,3,resting
2026-01-28T17:52:45.124552,KXHIGHDEN-26JAN28-B51.5,7865d01b-bddf-4e9b-8d9c-d653494572a7,buy,no,3,2,91.20474195296471,0.8654450485531646,longshot,,2,resting
2026-01-28T17:52:46.198689,KXHIGHCHI-26JAN28-B17.5,3b6466b6-4d1e-482e-97e3-dd3bef565ee2,buy,no,3,3,79.93275780422104,0.7578611991400999,longshot,,3,resting
2026-01-28T17:53:31.734156,KXHIGHLAX-26JAN28-B69.5,ffeaee08-b37d-4d95-95bf-392a13e5d732,buy,no,3,4,78.93275780422104,0.7478611991400999,longshot,,4,resting
2026-01-28T17:53:33.980096,KXHIGHDEN-26JAN28-B51.5,d3aed4a0-8856-4686-8482-c209232aa87b,buy,no,3,2,91.20474195296471,0.8654450485531646,longshot,,2,resting
2026-01-28T17:53:35.015195,KXHIGHCHI-26JAN28-B17.5,dcccb193-687d-416b-89cb-3ad0d37216fe,buy,no,3,3,79.93275780422104,0.7578611991400999,longshot,,3,resting
2026-01-28T17:54:00.957036,KXHIGHDEN-26JAN28-B51.5,f4a0e1d1-4438-4f6f-a86f-7b4867df2c64,sell,no,3,2,0,0,,,2,executed
2026-01-28T17:54:30.813829,KXHIGHLAX-26JAN28-B69.5,23751c16-389e-4688-94bf-e461330e8c5f,buy,no,3,3,79.93275780422104,0.7578611991400999,longshot,,3,resting
2026-01-28T17:54:32.054518,KXHIGHDEN-26JAN28-B51.5,05ad72e1-fa83-4c92-85cf-0760cfe59ba5,buy,no,3,2,91.20474195296471,0.8654450485531646,longshot,,2,resting
2026-01-28T17:54:38.417292,KXHIGHCHI-26JAN28-B17.5,fa17a473-a0b1-4e2e-a5ea-34613ae76f73,buy,no,3,3,79.93275780422104,0.7578611991400999,longshot,,3,resting
2026-01-28T17:54:50.397932,KXHIGHDEN-26JAN28-B51.5,e8d4035e-f94c-4e32-b68d-46b86c0c3d04,sell,no,3,2,0,0,,,2,executed
2026-01-28T17:55:25.922194,KXHIGHLAX-26JAN28-B69.5,b0f81049-b859-43fd-a277-eee674a5a5e4,buy,no,3,3,79.93275780422104,0.7578611991400999,longshot,,3,resting
2026-01-28T17:55:28.209508,KXHIGHDEN-26JAN28-B51.5,026343eb-6924-4664-a731-cbc47a85dae6,buy,no,3,2,91.20474195296471,0.8654450485531646,longshot,,2,resting
2026-01-28T17:56:20.482509,KXHIGHLAX-26JAN28-B69.5,dcc1509c-97f5-4987-99f4-83453a869790,buy,no,3,4,78.93275780422104,0.7478611991400999,longshot,,4,resting
2026-01-28T17:56:22.875917,KXHIGHDEN-26JAN28-B51.5,17442d94-92e1-48f6-b81a-538ec659d714,buy,no,3,2,91.20474195296471,0.8654450485531646,longshot,,2,resting
2026-01-28T17:56:24.023249,KXHIGHCHI-26JAN28-B17.5,e7ecae6e-0a90-45df-8f6e-83e5adc36556,buy,no,3,3,79.93275780422104,0.7278611991400998,longshot,,3,resting
2026-01-28T17:57:13.221110,KXHIGHLAX-26JAN28-B69.5,71a7a6dd-989f-4a08-945a-95131fbed21f,buy,no,3,2,80.93275780422104,0.7678611991400999,longshot,,2,resting
2026-01-28T17:57:15.510503,KXHIGHDEN-26JAN28-B51.5,9f73604f-ffc7-42f2-88a9-1d6add1418de,buy,no,3,2,91.20474195296471,0.8654450485531646,longshot,,2,resting
2026-01-28T17:57:23.969545,KXHIGHCHI-26JAN28-B17.5,93de42c0-b02e-4c98-9442-95fc3afdc3ef,buy,no,3,4,78.93275780422104,0.7478611991400999,longshot,,4,resting
2026-01-28T17:58:15.689035,KXHIGHLAX-26JAN28-B69.5,06ad1a5c-5b37-4a22-81c2-2dbb9491e4c6,buy,no,3,2,80.93275780422104,0.7678611991400999,longshot,,2,resting
2026-01-28T17:58:18.160532,KXHIGHDEN-26JAN28-B51.5,867d1888-a44b-45fe-9b95-469f971954d3,buy,no,3,2,91.20474195296471,0.8654450485531646,longshot,,2,resting
2026-01-28T17:59:09.544086,KXHIGHLAX-26JAN28-B69.5,48a75897-4c87-40d5-918f-2d8e293782b6,buy,no,3,1,81.93275780422104,0.7778611991401,longshot,,1,resting
2026-01-28T18:00:04.178253,KXHIGHLAX-26JAN28-B69.5,46cdac49-4351-4b5c-9238-43e02d90b670,buy,no,3,1,81.93275780422104,0.7778611991401,longshot,,1,resting
2026-01-28T18:00:52.096397,KXHIGHLAX-26JAN28-B69.5,a60fb6c3-050d-47b1-aff1-26cc686cd4d0,buy,no,3,1,81.93275780422104,0.7778611991401,longshot,,1,resting
2026-01-28T18:01:50.032622,KXHIGHLAX-26JAN28-B69.5,9d1db166-14cd-449b-94a3-3e4a61d82ee0,buy,no,3,1,81.93275780422104,0.7778611991401,longshot,,1,resting
2026-01-28T18:03:21.971406,KXHIGHLAX-26JAN28-B69.5,baa4173a-ba80-46ea-82ba-8726b10ad6bd,buy,no,3,1,81.93275780422104,0.7778611991401,longshot,,1,resting
2026-01-28T18:04:09.533835,KXHIGHLAX-26JAN28-B69.5,a41b0aee-af34-481a-98d6-975d1282c968,buy,no,3,1,81.93275780422104,0.7778611991401,longshot,,1,resting
2026-01-28T18:06:58.268175,KXHIGHLAX-26JAN28-B69.5,2ca8b1f4-2f9c-45e9-b9a8-dbbe7ae984ef,buy,no,3,1,81.93275780422104,0.7778611991401,longshot,,1,resting
2026-01-28T18:07:46.557377,KXHIGHLAX-26JAN28-B69.5,bf0500b7-bd3f-4919-94c9-b95196f6ff56,buy,no,3,1,81.93275780422104,0.7778611991401,longshot,,1,resting
2026-01-28T18:08:41.605333,KXHIGHLAX-26JAN28-B69.5,8ba9f648-d1c5-4160-862f-a4529a59a3e5,buy,no,3,1,81.93275780422104,0.7778611991401,longshot,,1,resting
2026-01-28T18:09:35.835351,KXHIGHLAX-26JAN28-B69.5,75716ae8-cd70-4065-b8bf-c92b2b931c64,buy,no,3,1,81.93275780422104,0.7778611991401,longshot,,1,resting
2026-01-28T18:46:13.694580,KXHIGHLAX-26JAN28-B69.5,cc06a783-df16-4135-a854-37ee4bc69706,sell,no,3,3,0,0,,,3,executed
2026-01-28T18:47:23.144096,KXHIGHLAX-26JAN28-B69.5,43ab2a33-997d-46d1-8969-e9074bb530a1,buy,no,3,2,79.6297826267279,0.755482934953915,longshot,,2,resting
2026-01-28T18:48:16.381513,KXHIGHLAX-26JAN28-B69.5,1e49f953-96ff-4589-a8b2-2f00f559bbb0,buy,no,3,3,78.6297826267279,0.7454829349539149,longshot,,3,resting
2026-01-28T18:49:13.799619,KXHIGHLAX-26JAN28-B69.5,f1ba4f28-11ee-499b-a3e0-306edb1ac6fe,buy,no,3,3,78.6297826267279,0.7154829349539149,longshot,,3,resting
2026-01-28T18:50:10.558613,KXHIGHLAX-26JAN28-B69.5,7a6ed5b4-8b2e-4779-8302-c0021903bcf3,buy,no,3,3,78.6297826267279,0.7454829349539149,longshot,,3,resting
2026-01-28T18:51:11.630287,KXHIGHLAX-26JAN28-B69.5,b2d92e7c-7d53-46c8-8404-d37693bd4914,buy,no,3,3,78.6297826267279,0.7454829349539149,longshot,,3,resting
2026-01-28T18:52:06.923120,KXHIGHLAX-26JAN28-B69.5,35710ef5-a3da-433f-8357-52fbbf0d1b8c,buy,no,3,3,78.6297826267279,0.7454829349539149,longshot,,3,resting
2026-01-28T18:53:08.737658,KXHIGHLAX-26JAN28-B69.5,51d4942a-961d-4c8b-873a-438861ddc3a7,buy,no,3,3,78.6297826267279,0.7454829349539149,longshot,,3,resting
2026-01-28T18:54:01.860899,KXHIGHLAX-26JAN28-B69.5,ed7c11cc-0164-4c91-bcc8-88e7a7b21c5a,buy,no,3,3,78.6297826267279,0.7454829349539149,longshot,,3,resting
2026-01-28T18:54:57.282353,KXHIGHLAX-26JAN28-B69.5,9484d577-ed2c-46c3-911e-3ac395e87e72,buy,no,3,3,78.6297826267279,0.7454829349539149,longshot,,3,resting
2026-01-28T18:55:48.797823,KXHIGHLAX-26JAN28-B69.5,27c182eb-532e-4b1c-87bf-c9addde18849,buy,no,3,3,78.6297826267279,0.7454829349539149,longshot,,3,resting
2026-01-28T18:56:37.966350,KXHIGHLAX-26JAN28-B69.5,76cf3cf6-018a-430e-b273-bc061871b027,buy,no,3,3,78.6297826267279,0.7454829349539149,longshot,,3,resting
2026-01-28T18:57:31.070827,KXHIGHLAX-26JAN28-B69.5,01faf142-99b0-4acf-b15e-d83a7aba6d2d,buy,no,3,3,78.6297826267279,0.7454829349539149,longshot,,3,resting
2026-01-28T18:58:21.842464,KXHIGHLAX-26JAN28-B69.5,0bfbb2bf-e81f-4f86-91ad-56c2153665d5,buy,no,3,2,80.93275780422104,0.7678611991400999,longshot,,2,resting
2026-01-28T18:58:22.203506,KXHIGHLAX-26JAN28-B69.5,52567a48-4356-4155-a214-4bfe9a02ed8f,buy,no,3,3,78.6297826267279,0.7454829349539149,longshot,,3,resting
2026-01-28T18:59:14.499148,KXHIGHLAX-26JAN28-B69.5,3fd745ed-b6b3-4cf3-83d5-500bd67153cc,buy,no,3,3,78.6297826267279,0.7454829349539149,longshot,,3,resting
2026-01-28T19:00:07.234608,KXHIGHLAX-26JAN28-B69.5,af902326-4798-45d1-9b60-fe6e68723acf,buy,no,3,3,78.6297826267279,0.7454829349539149,longshot,,3,resting
2026-01-28T19:01:03.818453,KXHIGHLAX-26JAN28-B69.5,3052e8a5-6650-4bec-b0e7-2a2207390627,buy,no,3,3,78.6297826267279,0.7454829349539149,longshot,,3,resting
2026-01-28T19:02:02.351220,KXHIGHLAX-26JAN28-B69.5,a7a19b06-39cf-4907-9324-b62d71caf45c,buy,no,3,3,78.6297826267279,0.7454829349539149,longshot,,3,resting
2026-01-28T19:02:58.976991,KXHIGHLAX-26JAN28-B69.5,93b4ef8f-3083-4c6a-878e-993e1e02252f,buy,no,3,3,78.6297826267279,0.7454829349539149,longshot,,3,resting
2026-01-28T19:03:50.419692,KXHIGHLAX-26JAN28-B69.5,c4c3f50d-1820-4b76-8809-426fab15c309,buy,no,3,3,78.6297826267279,0.7454829349539149,longshot,,3,resting
2026-01-28T19:04:06.373347,KXHIGHLAX-26JAN28-B69.5,f8c0411a-d243-41ff-8e04-7ecc02f6ef8b,sell,no,3,3,0,0,,,3,executed
2026-01-28T19:04:40.612876,KXHIGHLAX-26JAN28-B69.5,659de106-110e-4042-937e-42bcbe771dad,buy,no,3,3,78.6297826267279,0.7454829349539149,longshot,,3,resting
2026-01-28T19:05:34.635141,KXHIGHLAX-26JAN28-B69.5,f93bd733-5d03-49ee-8e57-b28812e95571,buy,no,3,1,80.6297826267279,0.765482934953915,longshot,,1,resting
2026-01-28T19:06:33.004867,KXHIGHLAX-26JAN28-B69.5,27421272-c140-46ec-956b-a41171edae7e,buy,no,3,2,79.6297826267279,0.755482934953915,longshot,,2,resting
2026-01-28T19:07:32.790051,KXHIGHLAX-26JAN28-B69.5,9fa7df4f-2901-42f1-9ccd-d58f3de44a00,buy,no,3,2,79.6297826267279,0.755482934953915,longshot,,2,resting
2026-01-28T19:08:21.964697,KXHIGHLAX-26JAN28-B69.5,31f58984-4dc1-4f20-a36c-c8df2fb2c803,buy,no,3,2,79.6297826267279,0.755482934953915,longshot,,2,resting
2026-01-28T19:09:22.396103,KXHIGHLAX-26JAN28-B69.5,ee76d442-b085-4ce3-b325-d30d19d8f6de,buy,no,3,2,79.6297826267279,0.755482934953915,longshot,,2,resting
2026-01-28T19:10:15.893075,KXHIGHLAX-26JAN28-B69.5,f24698eb-cfcd-4eeb-aefb-d0b28089d160,buy,no,3,2,79.6297826267279,0.755482934953915,longshot,,2,resting
2026-01-28T19:11:15.529669,KXHIGHLAX-26JAN28-B69.5,a42afabe-c7ec-4c35-b463-5929834c91e1,buy,no,3,2,79.6297826267279,0.755482934953915,longshot,,2,resting
2026-01-28T19:12:12.466124,KXHIGHLAX-26JAN28-B69.5,af537d58-4f5e-42ec-875c-6d4d6f0630eb,buy,no,3,2,79.6297826267279,0.755482934953915,longshot,,2,resting
2026-01-28T19:13:08.386495,KXHIGHLAX-26JAN28-B69.5,646b5423-5f2d-4327-b8ae-ba5e74e7b6ee,buy,no,3,2,79.6297826267279,0.755482934953915,longshot,,2,resting
2026-01-28T19:13:57.774933,KXHIGHLAX-26JAN28-B69.5,a5188f49-b9f9-40d0-bf1d-876f6eadfc84,buy,no,3,2,79.6297826267279,0.755482934953915,longshot,,2,resting
2026-01-28T19:14:54.738026,KXHIGHLAX-26JAN28-B69.5,970b60b3-2adc-4b12-806c-cfc0e24a9b12,buy,no,3,2,80.93275780422104,0.7678611991400999,longshot,,2,resting
2026-01-28T19:16:01.237152,KXHIGHLAX-26JAN28-B69.5,f844ef55-00d1-4c91-b38e-e9f8f8ce0004,buy,no,3,2,80.93275780422104,0.7678611991400999,longshot,,2,resting
2026-01-28T19:17:04.251696,KXHIGHLAX-26JAN28-B69.5,83a3795c-2078-451a-9f7d-d6a1a98d96dc,buy,no,3,2,80.93275780422104,0.7678611991400999,longshot,,2,resting
2026-01-28T19:17:59.541164,KXHIGHLAX-26JAN28-B69.5,321d346e-3e58-400a-b62c-eb8869fd5415,buy,no,3,2,80.93275780422104,0.7678611991400999,longshot,,2,resting
2026-01-28T19:18:45.588965,KXHIGHLAX-26JAN28-B69.5,b2a0a482-adca-4eb2-8f84-fd282731cf84,buy,no,3,2,80.93275780422104,0.7678611991400999,longshot,,2,resting
2026-01-28T19:19:38.901534,KXHIGHLAX-26JAN28-B69.5,e3a63847-3dff-4e22-b1d0-ef3803d06c97,buy,no,3,2,80.93275780422104,0.7678611991400999,longshot,,2,resting
2026-01-28T19:20:37.456951,KXHIGHLAX-26JAN28-B69.5,1b0af5b1-5d96-403d-8cb3-db1c32cb429e,buy,no,3,2,80.93275780422104,0.7678611991400999,longshot,,2,resting
2026-01-28T19:21:29.211755,KXHIGHLAX-26JAN28-B69.5,35099091-28a6-4e1a-9020-05cdc8423ef9,buy,no,3,2,80.93275780422104,0.7678611991400999,longshot,,2,resting
2026-01-28T19:22:21.660185,KXHIGHLAX-26JAN28-B69.5,e2768f2e-1534-44ab-af80-e90d75fe0bac,buy,no,3,2,80.93275780422104,0.7678611991400999,longshot,,2,resting
2026-01-28T19:23:17.470860,KXHIGHLAX-26JAN28-B69.5,9734acda-e749-4eca-903d-083515331417,buy,no,3,2,80.93275780422104,0.7678611991400999,longshot,,2,resting
2026-01-28T19:24:14.158487,KXHIGHLAX-26JAN28-B69.5,03acaf12-bd3f-4464-bb46-b020892a03dd,buy,no,3,2,80.93275780422104,0.7678611991400999,longshot,,2,resting
2026-01-28T19:25:12.648776,KXHIGHLAX-26JAN28-B69.5,6b9c931d-0eea-4b64-a39c-b1612a0e50c5,buy,no,3,2,80.93275780422104,0.7678611991400999,longshot,,2,resting
2026-01-28T19:26:10.154366,KXHIGHLAX-26JAN28-B69.5,0033ef78-c0c3-46a4-9b30-9a811e8470cf,buy,no,3,2,80.93275780422104,0.7678611991400999,longshot,,2,resting
2026-01-28T19:27:09.719288,KXHIGHLAX-26JAN28-B69.5,f1b72c44-253f-4d5a-bee5-ef07e547e61d,buy,no,3,2,80.93275780422104,0.7678611991400999,longshot,,2,resting
2026-01-28T19:28:02.725102,KXHIGHLAX-26JAN28-B69.5,24703dde-e503-4985-b262-7b7eeac8f6b7,buy,no,3,1,81.93275780422104,0.7778611991401,longshot,,1,resting
2026-01-28T19:28:57.539089,KXHIGHLAX-26JAN28-B69.5,6ab984d1-3a50-4df7-b57d-01564e94e6c7,buy,no,3,1,81.93275780422104,0.7778611991401,longshot,,1,resting
2026-01-28T19:29:54.081903,KXHIGHLAX-26JAN28-B69.5,dd3d54c6-66dd-492f-ba90-d96e5e95c99e,buy,no,3,2,80.93275780422104,0.7678611991400999,longshot,,2,resting
2026-01-28T19:30:46.163737,KXHIGHLAX-26JAN28-B69.5,aff7fe6d-bdc7-4e4a-a62a-627a00e27c85,buy,no,3,2,80.93275780422104,0.7678611991400999,longshot,,2,resting
2026-01-28T19:31:53.377488,KXHIGHLAX-26JAN28-B69.5,17a4c25c-82ab-4595-becb-45cdfd9ec557,buy,no,3,2,80.93275780422104,0.7678611991400999,longshot,,2,resting
2026-01-28T19:32:52.256129,KXHIGHLAX-26JAN28-B69.5,514e109e-a536-4fb5-b157-32f70ef3bbfb,buy,no,3,2,80.93275780422104,0.7678611991400999,longshot,,2,resting
2026-01-28T19:33:52.675111,KXHIGHLAX-26JAN28-B69.5,c9420bd4-ccc6-432f-b764-838fa9795235,buy,no,3,1,81.93275780422104,0.7778611991401,longshot,,1,resting
2026-01-28T19:34:53.671358,KXHIGHLAX-26JAN28-B69.5,df2bd34e-79a8-44a6-af35-de16d9cc92ad,buy,no,3,1,81.93275780422104,0.7778611991401,longshot,,1,resting
2026-01-28T19:35:45.119494,KXHIGHLAX-26JAN28-B69.5,3856b405-db78-456f-95e6-f4c829e65bee,buy,no,3,1,81.93275780422104,0.7778611991401,longshot,,1,resting
2026-01-28T19:36:43.603602,KXHIGHLAX-26JAN28-B69.5,8c61b84d-4238-4cf0-bbf0-d1f577d69dfd,buy,no,3,1,81.93275780422104,0.7778611991401,longshot,,1,resting
2026-01-28T19:37:33.756799,KXHIGHLAX-26JAN28-B69.5,3e4a049b-6caf-42df-ae96-d88468de4da4,buy,no,3,2,80.93275780422104,0.7678611991400999,longshot,,2,resting
2026-01-28T19:38:33.458625,KXHIGHLAX-26JAN28-B69.5,2089c27f-3fd3-4fad-92f4-c15ba9c8b4f6,buy,no,3,2,80.93275780422104,0.7678611991400999,longshot,,2,resting
2026-01-28T19:39:23.667698,KXHIGHLAX-26JAN28-B69.5,40f5feda-b0cb-4a90-8675-006fd0e7345b,buy,no,3,2,80.93275780422104,0.7678611991400999,longshot,,2,resting
2026-01-28T19:40:21.538779,KXHIGHLAX-26JAN28-B69.5,cb921e95-53a7-4321-b889-9def57018d63,buy,no,3,2,80.93275780422104,0.7678611991400999,longshot,,2,resting
2026-01-28T19:41:19.563541,KXHIGHLAX-26JAN28-B69.5,e50c83d9-2ef7-41b0-8be3-871e38903cc4,buy,no,3,2,80.93275780422104,0.7678611991400999,longshot,,2,resting
2026-01-28T19:42:20.159765,KXHIGHLAX-26JAN28-B69.5,4dba4517-e07d-496b-933a-7cb2a6aeaeb2,buy,no,3,2,80.93275780422104,0.7678611991400999,longshot,,2,resting
2026-01-28T19:43:13.651926,KXHIGHLAX-26JAN28-B69.5,28e90a78-5928-4e4c-846e-3dc7fe4bdcf3,buy,no,3,2,80.93275780422104,0.7678611991400999,longshot,,2,resting
2026-01-28T19:44:06.067978,KXHIGHLAX-26JAN28-B69.5,7bc646d5-2c56-4ab8-92bd-e0eff6d5b276,buy,no,3,2,91.20474195296471,0.8654450485531646,longshot,,2,resting
2026-01-28T19:44:13.327111,KXHIGHLAX-26JAN28-B69.5,267d8cbf-a57f-4e03-be93-4d51a0c32759,buy,no,3,2,80.93275780422104,0.7678611991400999,longshot,,2,resting
2026-01-28T19:45:08.943211,KXHIGHLAX-26JAN28-B69.5,c5795b75-ecf5-49b2-b537-3219fe385739,buy,no,3,1,80.6297826267279,0.765482934953915,longshot,,1,resting
2026-01-28T19:46:09.300550,KXHIGHLAX-26JAN28-B69.5,a2494256-383e-47fd-9f50-e4db668d9db4,buy,no,3,1,80.6297826267279,0.765482934953915,longshot,,1,resting
2026-01-28T19:47:06.011638,KXHIGHLAX-26JAN28-B69.5,c3bbd866-6516-4e07-abc4-28dfedfbe067,buy,no,3,1,80.6297826267279,0.765482934953915,longshot,,1,resting
2026-01-28T19:48:03.541533,KXHIGHLAX-26JAN28-B69.5,43296100-1313-4c47-91b8-5dcc281b131a,buy,no,3,1,80.6297826267279,0.765482934953915,longshot,,1,resting
2026-01-28T19:48:54.970593,KXHIGHLAX-26JAN28-B69.5,f987ef4c-ba39-45d8-a41a-dddf01f02bb0,buy,no,3,1,80.6297826267279,0.765482934953915,longshot,,1,resting
2026-01-28T19:49:53.509434,KXHIGHLAX-26JAN28-B69.5,dc2a9ef6-e04a-4472-a202-d3c53431256b,buy,no,3,1,80.6297826267279,0.765482934953915,longshot,,1,resting
2026-01-28T19:50:51.336999,KXHIGHLAX-26JAN28-B69.5,c4fcd1a6-c316-40d0-8d6a-717a6661eb05,buy,no,3,1,80.6297826267279,0.765482934953915,longshot,,1,resting
2026-01-28T19:51:49.061413,KXHIGHLAX-26JAN28-B69.5,50963bc1-8b47-4735-927c-46466bb8ed62,buy,no,3,1,80.6297826267279,0.765482934953915,longshot,,1,resting
2026-01-28T19:52:47.051517,KXHIGHLAX-26JAN28-B69.5,518fd7e7-a460-4975-84ac-9f958d8d26c8,buy,no,3,1,80.6297826267279,0.765482934953915,longshot,,1,resting
2026-01-28T19:53:54.092235,KXHIGHLAX-26JAN28-B69.5,1060cd7c-bf4c-42ce-ae2f-64b8a7a4e73a,buy,no,3,1,80.6297826267279,0.765482934953915,longshot,,1,resting
2026-01-28T19:54:47.479664,KXHIGHLAX-26JAN28-B69.5,2d7e4c90-c181-46c2-8ac1-4f4b3ad2e7f6,buy,no,3,1,80.6297826267279,0.765482934953915,longshot,,1,resting
2026-01-28T19:55:48.699821,KXHIGHLAX-26JAN28-B69.5,3d6a4bef-7982-4e7c-b83f-fd9ca282251d,buy,no,3,1,80.6297826267279,0.765482934953915,longshot,,1,resting
2026-01-28T19:57:01.315897,KXHIGHLAX-26JAN28-B69.5,9eb909ce-9855-4d6c-bdf4-0d86e164a828,buy,no,3,1,80.6297826267279,0.765482934953915,longshot,,1,resting
2026-01-28T19:57:57.867127,KXHIGHLAX-26JAN28-B69.5,9c778eec-e2f6-4189-8314-41cfbfa44955,buy,no,3,1,80.6297826267279,0.765482934953915,longshot,,1,resting
2026-01-28T19:58:52.486880,KXHIGHLAX-26JAN28-B69.5,c8a84538-5925-4551-9d58-8b62965d59b5,buy,no,3,1,80.6297826267279,0.765482934953915,longshot,,1,resting
2026-01-28T19:59:48.152232,KXHIGHLAX-26JAN28-B69.5,a48ffe90-2c6a-4ab1-a788-8bd0bd27f0eb,buy,no,3,1,80.6297826267279,0.765482934953915,longshot,,1,resting
2026-01-28T20:00:39.405613,KXHIGHLAX-26JAN28-B69.5,125f3237-6dc6-4025-97cb-08b36a255e90,buy,no,3,1,80.6297826267279,0.765482934953915,longshot,,1,resting
2026-01-28T20:01:42.118107,KXHIGHLAX-26JAN28-B69.5,22d17e52-4067-4509-85ff-6401bff697a2,buy,no,3,1,80.6297826267279,0.765482934953915,longshot,,1,resting
2026-01-28T20:02:32.666080,KXHIGHLAX-26JAN28-B69.5,2c7eafee-4d86-4506-875d-650be073a088,buy,no,3,1,80.6297826267279,0.765482934953915,longshot,,1,resting
2026-01-28T20:03:30.062734,KXHIGHLAX-26JAN28-B69.5,2d367b37-3f08-4e66-9266-2835d2a253ff,buy,no,3,1,80.6297826267279,0.765482934953915,longshot,,1,resting
2026-01-28T20:04:20.344558,KXHIGHLAX-26JAN28-B69.5,0b29261a-b846-423a-8d90-464a5b3ec560,buy,no,3,1,80.6297826267279,0.765482934953915,longshot,,1,resting
2026-01-28T20:05:16.690054,KXHIGHLAX-26JAN28-B69.5,d0713b92-1e99-44e1-a6db-cb2680e0fa67,buy,no,3,1,80.6297826267279,0.765482934953915,longshot,,1,resting
2026-01-28T20:06:56.755535,KXHIGHLAX-26JAN28-B69.5,48923cad-f1e6-4ed5-b0a0-1d70bc7789bc,buy,no,3,1,80.6297826267279,0.765482934953915,longshot,,1,resting
2026-01-28T20:07:54.179940,KXHIGHLAX-26JAN28-B69.5,aea0d497-d5e3-4593-88fc-347157d06bd2,buy,no,3,1,80.6297826267279,0.765482934953915,longshot,,1,resting
2026-01-28T20:08:50.501566,KXHIGHLAX-26JAN28-B69.5,5d43f57d-48d7-4d97-98bb-e603b1cea321,buy,no,3,1,80.6297826267279,0.765482934953915,longshot,,1,resting
2026-01-28T20:09:47.286928,KXHIGHLAX-26JAN28-B69.5,06e12072-2937-46ee-9771-d8cde757450b,buy,no,3,1,80.6297826267279,0.765482934953915,longshot,,1,resting
2026-01-28T21:04:46.118845,KXHIGHLAX-26JAN28-B69.5,347fec8d-4ae3-49d2-858e-a5cd79c8c16b,sell,no,3,1,0,0,,,1,executed
2026-01-28T21:05:44.607991,KXHIGHLAX-26JAN28-B69.5,cdaff58a-0e86-4b4a-a970-5943bbb5aa20,buy,no,3,1,80.6297826267279,0.765482934953915,longshot,,1,resting
